{"weights":[{"name":"kernel","shape":[4,24],"data":[0.1454995721578598,-0.2817354202270508,-0.21727603673934937,-0.30207526683807373,-0.07318747043609619,-0.18013331294059753,0.5026015639305115,0.1491258144378662,0.34185031056404114,0.028186703100800514,0.14319366216659546,0.3395140469074249,-0.4972033202648163,0.251819372177124,0.07121088355779648,0.4084792137145996,-0.16987593472003937,-0.2713199257850647,-0.34912753105163574,-0.24767015874385834,0.08610421419143677,0.16476932168006897,0.48619258403778076,-0.3101254999637604,-0.2963007986545563,-0.40351176261901855,-0.03796669840812683,0.045865077525377274,-0.39997023344039917,-0.5285747647285461,0.45597144961357117,-0.3881259262561798,-0.11621500551700592,0.3094043433666229,-0.07070250064134598,0.4327404797077179,0.11876638233661652,0.20945174992084503,0.47296565771102905,-0.4095739424228668,-0.5076610445976257,-0.36186668276786804,0.07293632626533508,-0.36752238869667053,-0.31757843494415283,0.42679867148399353,0.3089800477027893,0.029158052057027817,-0.15697120130062103,0.1729952096939087,0.00852668285369873,-0.19824613630771637,-0.40178465843200684,0.30740195512771606,-0.17175117135047913,-0.32138848304748535,0.5892243385314941,0.23015066981315613,0.5787031650543213,-0.5351778864860535,0.13071979582309723,0.266659677028656,-0.5055845975875854,0.12949761748313904,0.20517593622207642,-0.1975570023059845,-0.3124087452888489,-0.02975785732269287,-0.39411383867263794,-0.3378771245479584,-0.2289590686559677,-0.19325745105743408,0.26609256863594055,-0.35622870922088623,-0.09752920269966125,0.3751719295978546,-0.04362395405769348,-0.2893964350223541,0.31225311756134033,-0.2505897879600525,0.4805452525615692,0.06981824338436127,-0.2796519994735718,0.20984892547130585,-0.29538899660110474,0.17557671666145325,0.1562122255563736,-0.25074392557144165,0.41272372007369995,-0.3527081608772278,0.3907506465911865,0.029024362564086914,-0.4351047873497009,-0.3717280328273773,-0.19413085281848907,0.26410701870918274]},{"name":"bias","shape":[24],"data":[-0.0313812755048275,0.0,0.0,-0.05357855558395386,0.0,-0.07753510028123856,0.09179388731718063,0.0,-0.029335249215364456,0.08489321917295456,0.04872744157910347,0.022741900756955147,-0.041130878031253815,-0.10113400965929031,0.09881149232387543,-0.01834109053015709,-0.070778489112854,0.0,0.03407217562198639,0.0,0.0,0.12925471365451813,0.0838814452290535,0.0979146659374237]},{"name":"kernel","shape":[24,12],"data":[-0.22496835887432098,0.015829674899578094,0.05058344453573227,0.2722771167755127,0.20134451985359192,-0.19701844453811646,0.4126220941543579,0.21724046766757965,0.27514731884002686,0.20768754184246063,0.3877544701099396,0.13099808990955353,0.19249975681304932,0.31778597831726074,-0.13725599646568298,-0.17364022135734558,-0.03497949242591858,-0.18168342113494873,0.2837277054786682,0.3896234631538391,-0.3558846712112427,-0.15378379821777344,-0.23683060705661774,0.32172703742980957,0.2150976061820984,-0.18939392268657684,-0.02760469913482666,0.08505997061729431,-0.26820892095565796,-0.3417315185070038,0.2884458303451538,0.00344279408454895,-0.15716615319252014,-0.01494067907333374,0.23552614450454712,0.05581071972846985,-0.19905246794223785,-0.0005650535458698869,-0.04788544028997421,0.06737168878316879,0.15400297939777374,-0.17833280563354492,0.02101099118590355,-0.15081922709941864,-0.24948059022426605,-0.05120276287198067,0.3548417091369629,0.08806080371141434,-0.11810213327407837,0.2575913667678833,0.15738177299499512,-0.16714073717594147,-0.3607541024684906,-0.3864670991897583,-0.15064787864685059,0.1527090072631836,-0.39866042137145996,0.38650232553482056,0.2815517783164978,0.19845962524414062,-0.32491469383239746,-0.18777740001678467,0.36093610525131226,-0.1863844394683838,0.06707031279802322,-0.30551815032958984,0.052234042435884476,-0.09613820165395737,-0.32737237215042114,0.34645479917526245,-0.3046213686466217,-0.0981808453798294,-0.1383882761001587,0.3806716799736023,0.1804671734571457,0.07690244168043137,0.2086668312549591,-0.1196754053235054,0.2631237506866455,-0.34355270862579346,0.2150978296995163,-0.08377742022275925,0.11281096190214157,0.3009537160396576,0.3643587827682495,0.24930357933044434,0.0937880277633667,-0.2089686542749405,-0.08805784583091736,0.049374133348464966,-0.11178234219551086,0.018349111080169678,-0.1801251918077469,-0.31611907482147217,0.2885003685951233,-0.3051722049713135,0.26253125071525574,-0.22824929654598236,-0.27316418290138245,-0.2661267817020416,-0.21734270453453064,-0.2735190689563751,-0.07007703930139542,-0.2636287808418274,0.3215115964412689,-0.14447546005249023,-0.13858196139335632,0.20077963173389435,0.45261093974113464,-0.07547837495803833,-0.25259479880332947,-0.09299085289239883,-0.18508750200271606,0.3125091791152954,0.247463658452034,-0.11998836696147919,0.3445183038711548,0.12111728638410568,0.19496430456638336,-0.21306852996349335,0.4367237389087677,-0.21409651637077332,0.21637672185897827,-0.038503482937812805,-0.22979526221752167,0.22342395782470703,-0.4235526919364929,0.27345767617225647,-0.05997099727392197,0.35698920488357544,-0.5011926293373108,0.19327141344547272,-0.15762194991111755,0.1576317399740219,-0.3173027038574219,0.16139273345470428,0.28694063425064087,-0.12107504159212112,0.48063012957572937,0.3148815333843231,-0.4800513684749603,0.293935090303421,0.3322353959083557,0.2952709496021271,-0.04600130021572113,-0.013933669775724411,0.258578896522522,-0.08140071481466293,0.1995036005973816,0.21224872767925262,-0.29158926010131836,0.31861767172813416,-0.24932464957237244,0.14142170548439026,0.3280270993709564,-0.18284420669078827,-0.013332659378647804,-0.3014265298843384,-0.24767166376113892,-0.012168832123279572,-0.2925630509853363,-0.1098768413066864,-0.2105339616537094,-0.027974450960755348,0.37368521094322205,-0.43858397006988525,0.32059618830680847,-0.07775213569402695,-0.369486540555954,0.36346912384033203,0.38551750779151917,0.10681778937578201,-0.32614293694496155,-0.18825630843639374,0.23435324430465698,0.2675659656524658,-0.0329105369746685,0.13462091982364655,-0.12492194026708603,-0.20159342885017395,0.4023359417915344,-0.1815139353275299,0.3030644953250885,-0.05126336216926575,0.15900422632694244,0.36401012539863586,-0.3170014023780823,0.3925454616546631,-0.16644228994846344,-0.0016455460572615266,-0.20700892806053162,-0.02805471234023571,-0.1949150711297989,0.3037337064743042,-0.09468558430671692,-0.31967201828956604,0.13499823212623596,0.06491824984550476,-0.28287532925605774,0.09346897900104523,0.021815456449985504,-0.09536603838205338,-0.060802899301052094,-0.10340406000614166,0.018815547227859497,-0.06382450461387634,0.04208564758300781,0.040033966302871704,-0.35923489928245544,0.07922148704528809,-0.058087557554244995,0.23106861114501953,-0.39198175072669983,0.20064836740493774,0.2159833312034607,-0.2620590925216675,-0.3346044719219208,0.3639993369579315,0.13071872293949127,0.08966421335935593,0.017117558047175407,-0.3205607235431671,-0.1732790470123291,0.19793078303337097,-0.45655348896980286,0.19800153374671936,-0.11885934323072433,-0.26881980895996094,0.3764949440956116,0.08595368266105652,0.35793042182922363,0.34558409452438354,0.35507750511169434,0.2539665699005127,0.10426199436187744,-0.35269901156425476,0.021784216165542603,-0.039725303649902344,-0.12089172005653381,-0.260845422744751,-0.24537010490894318,0.36148905754089355,-0.32226336002349854,0.21860665082931519,0.09323310852050781,0.10067683458328247,-0.29350459575653076,-0.02556183934211731,0.2925366759300232,0.3045477867126465,-0.282915323972702,0.3460412621498108,0.06263626366853714,0.5021772384643555,-0.26185980439186096,-0.2524372637271881,-0.0033030251506716013,0.27585527300834656,0.2082284390926361,-0.049316417425870895,-0.38196319341659546,-0.014266901649534702,0.043214622884988785,-0.12623564898967743,-0.04808369651436806,0.19078576564788818,0.23430423438549042,-0.3840543031692505,-0.35898298025131226,0.06536228209733963,0.22348037362098694,-0.34594711661338806,0.09646767377853394,-0.23636868596076965,